,,Site EUI,,Source EUI,
Building Type,Building Name,kBtu/ft^2,MJ/m^2,kBtu/ft^2,MJ/m^2
Commercial ,A1,120,1362.783202,372,4224.627926
,A2,54,613.2524408,129.6,1471.805858
,A3,96,1090.226561,259.2,2943.611716
,Average,90,1022.087401,253.6,2880.015167
Residential,B1,72,817.6699211,155.2885632,1763.538711
,B2,61,692.7481276,184.6996369,2097.546355
,Average,66.5,755.2090244,169.9941001,1930.542534
,Overall Average,80.6,915.3360506,220.15764,2500.226113
